Reviewer,cancer,target_id,target_name,drug_id,drug_name,,
Chao,Hypertension,be0000062,type-1 angiotensin ii receptor ,DB00966,Telmisartan,,
Chao,Hypertension,be0000668,mineralocorticoid receptor ,DB00700,Eplerenone,,
Chao,Hypertension,be0001060,angiotensinogen,DB11842,Angiotensin II,,
Chao,insomnia,be0004797,gaba-a receptor (anion channel) ,DB00402,Eszopiclone,,
Chao,insomnia,be0004797,gaba-a receptor (anion channel) ,DB00425,Zolpidem,,
Chao,Obesity,be0000215,peroxisome proliferator-activated receptor gamma ,DB00381,Amlodipine,,
Chao,Obesity,be0000215,peroxisome proliferator-activated receptor gamma ,DB00966,telmisartan,,
Chao,Obesity,be0000694,beta-2 adrenergic receptor,DB01001,Salbutamol,,
Chao,Obesity,be0000947,pro-opiomelanocortin ,DB11700,Setmelanotide,,
Chao,Obesity,be0001012,beta-3 adrenergic receptor ,DB00115,Cyanocobalamin,,
Chao,Obesity,be0001012,beta-3 adrenergic receptor ,DB08893,Mirabegron,,
Chao,Obesity,be0001012,beta-3 adrenergic receptor ,DB09045,Dulaglutide,,
Chao,Obesity,be0003376,leptin receptor ,DB11700,Setmelanotide,,
LiNing,Gastric Cancer,be0000511,receptor tyrosine-protein kinase erbb-2,DB00072,Trastuzumab,,
LiNing,Gastric Cancer,be0000511,receptor tyrosine-protein kinase erbb-2,DB01248,Docetaxel,,
LiNing,Gastric Cancer,be0000511,receptor tyrosine-protein kinase erbb-2,DB09037,Pembrolizumab,,
LiNing,Gastric Cancer,be0000511,receptor tyrosine-protein kinase erbb-2,DB15029,AZD-8186,,
LiNing,Gastric Cancer,be0000511,receptor tyrosine-protein kinase erbb-2,DB15471,ZW-25,,
LiNing,Gastric Cancer,be0000748,fibroblast growth factor receptor 2,DB01229,Paclitaxel,,
LiNing,Gastric Cancer,be0000748,fibroblast growth factor receptor 2,DB05578,Ramucirumab,,
LiNing,Gastric Cancer,be0000748,fibroblast growth factor receptor 2,DB11595,Atezolizumab,,
LiNing,Gastric Cancer,be0000748,fibroblast growth factor receptor 2,DB14889,Derazantinib,,
LiNing,Gastric Cancer,be0000748,fibroblast growth factor receptor 2,DB15149,Futibatinib,,
LiNing,Ovarian Cancer,be0000511,receptor tyrosine-protein kinase erbb-2,DB00072,Trastuzumab,,
LiNing,Ovarian Cancer,be0000511,receptor tyrosine-protein kinase erbb-2,DB00361,Vinorelbine,,
LiNing,Ovarian Cancer,be0000511,receptor tyrosine-protein kinase erbb-2,DB01101,Capecitabine,,
LiNing,Ovarian Cancer,be0000511,receptor tyrosine-protein kinase erbb-2,DB01229,Paclitaxel,,
LiNing,Ovarian Cancer,be0000511,receptor tyrosine-protein kinase erbb-2,DB08916,Afatinib,,
LiNing,Ovarian Cancer,be0000511,receptor tyrosine-protein kinase erbb-2,DB15471,ZW25 (Zanidatamab),,
LiNing,Ovarian Cancer,be0000985,catenin beta-1,DB01006,Letrozole,,
LiNing,Ovarian Cancer,be0000985,catenin beta-1,DB01590,Everolimus,,
LiNing,Ovarian Cancer,be0000985,catenin beta-1,DB11730,Ribociclib,,
LiNing,Ovarian Cancer,be0002379,"phosphatidylinositol 4,5-bisphosphate 3-kinase catalytic subunit alpha isoform",DB09074,Olaparib,,
LiNing,Ovarian Cancer,be0002379,"phosphatidylinositol 4,5-bisphosphate 3-kinase catalytic subunit alpha isoform",DB12108,Taselisib,,
LiNing,Ovarian Cancer,be0002379,"phosphatidylinositol 4,5-bisphosphate 3-kinase catalytic subunit alpha isoform",DB12483,Copanlisib,,
LiNing,Parkinson Disease,be0000138,dopamine beta-hydroxylase,DB06262,Droxidopa,,
Nansu,Alzheimer Disease,be0000910,angiotensin-converting enzyme,DB00790,Perindopril,,
Nansu,Alzheimer Disease,be0000910,angiotensin-converting enzyme,DB00966,Telmisartan,,
Nansu,Alzheimer Disease,be0001119,apolipoprotein e ,DB00184,Nicotine,,
Nansu,Alzheimer Disease,be0001119,apolipoprotein e ,DB01645,Genistein,,
Nansu,Alzheimer Disease,be0001119,apolipoprotein e ,DB03756,Doconexent,,
Nansu,Alzheimer Disease,be0001119,apolipoprotein e ,DB08826,Deferiprone,,
Nansu,Alzheimer Disease,be0001119,apolipoprotein e ,DB09149,Florbetapir (18F),,
Nansu,Alzheimer Disease,be0001119,apolipoprotein e ,DB12116,Epigallocatechin gallate,,
Nansu,Alzheimer Disease,be0001119,apolipoprotein e ,DB15161,Pittsburgh Compound B,,
Nansu,Alzheimer Disease,be0003392,amyloid beta a4 protein,DB01254,Dasatinib,,
Nansu,Alzheimer Disease,be0003392,amyloid beta a4 protein,DB01645,Genistein,,
Nansu,Alzheimer Disease,be0003392,amyloid beta a4 protein,DB04216,Quercetin,,
Nansu,Alzheimer Disease,be0003392,amyloid beta a4 protein,DB08887,Icosapent ethyl,,
Nansu,Alzheimer Disease,be0003392,amyloid beta a4 protein,DB09149,Florbetapir (18F),,
Nansu,Alzheimer Disease,be0003392,amyloid beta a4 protein,DB12034,Gantenerumab,,
Nansu,breast cancer,be0000132,androgen receptor ,DB00351,Megestrol Acetate,,
Nansu,breast cancer,be0000132,androgen receptor ,DB00445,epirubicin hydrochloride,,
Nansu,breast cancer,be0000132,androgen receptor ,DB00531,Cyclophosphamide,,
Nansu,breast cancer,be0000132,androgen receptor ,DB00947,Fulvestrant,,
Nansu,breast cancer,be0000132,androgen receptor ,DB01006,Letrozole,,
Nansu,breast cancer,be0000132,androgen receptor ,DB01101,Capecitabine,,
Nansu,breast cancer,be0000132,androgen receptor ,DB01128,Bicalutamide,,
Nansu,breast cancer,be0000132,androgen receptor ,DB01229,Paclitaxel,,
Nansu,breast cancer,be0000132,androgen receptor ,DB06186,Ipilimumab,,
Nansu,breast cancer,be0000132,androgen receptor ,DB08899,Enzalutamide,,
Nansu,breast cancer,be0000132,androgen receptor ,DB09035,Nivolumab,,
Nansu,breast cancer,be0000132,androgen receptor ,DB09073,Palbociclib,,
Nansu,breast cancer,be0000132,androgen receptor ,DB11945,Avelumab,,
Nansu,breast cancer,be0000132,androgen receptor ,DB12015,Alpelisib,,
Nansu,breast cancer,be0000132,androgen receptor ,DB12941,Darolutamide,,
Nansu,breast cancer,be0000132,androgen receptor ,DB14805,DCFPyL F-18,,
Nansu,breast cancer,be0000132,androgen receptor ,DB15043,Toripalimab,,
Nansu,breast cancer,be0002379,"phosphatidylinositol 4,5-bisphosphate 3-kinase catalytic subunit alpha isoform",DB00007,Leuprolide,,
Nansu,breast cancer,be0002379,"phosphatidylinositol 4,5-bisphosphate 3-kinase catalytic subunit alpha isoform",DB00014,Goserelin,,
Nansu,breast cancer,be0002379,"phosphatidylinositol 4,5-bisphosphate 3-kinase catalytic subunit alpha isoform",DB00019,Pegfilgrastim,,
Nansu,breast cancer,be0002379,"phosphatidylinositol 4,5-bisphosphate 3-kinase catalytic subunit alpha isoform",DB00072,Trastuzumab,,
Nansu,breast cancer,be0002379,"phosphatidylinositol 4,5-bisphosphate 3-kinase catalytic subunit alpha isoform",DB00331,Metformin,,
Nansu,breast cancer,be0002379,"phosphatidylinositol 4,5-bisphosphate 3-kinase catalytic subunit alpha isoform",DB00381,Amlodipine,,
Nansu,breast cancer,be0002379,"phosphatidylinositol 4,5-bisphosphate 3-kinase catalytic subunit alpha isoform",DB00499,Flutamide,recruiting,
Nansu,breast cancer,be0002379,"phosphatidylinositol 4,5-bisphosphate 3-kinase catalytic subunit alpha isoform",DB00531,Cyclophosphamide,recruiting,talk to Nansu
Nansu,breast cancer,be0002379,"phosphatidylinositol 4,5-bisphosphate 3-kinase catalytic subunit alpha isoform",DB00665,Nilutamide,recruiting,talk to Nansu
Nansu,breast cancer,be0002379,"phosphatidylinositol 4,5-bisphosphate 3-kinase catalytic subunit alpha isoform",DB00945,Acetylsalicylic acid,recruiting,Does not have drug ID because experimental phase 3
Nansu,breast cancer,be0002379,"phosphatidylinositol 4,5-bisphosphate 3-kinase catalytic subunit alpha isoform",DB00947,fulvestrant,recruiting,Does not have drug ID because experimental phase 2
Nansu,breast cancer,be0002379,"phosphatidylinositol 4,5-bisphosphate 3-kinase catalytic subunit alpha isoform",DB00947,Fulvestrant,recruiting,diabetic retinopathy
Nansu,breast cancer,be0002379,"phosphatidylinositol 4,5-bisphosphate 3-kinase catalytic subunit alpha isoform",DB00958,Carboplatin,recruiting,diabetic macular edema
Nansu,breast cancer,be0002379,"phosphatidylinositol 4,5-bisphosphate 3-kinase catalytic subunit alpha isoform",DB00990,Exemestane,recruiting,talk to Nansu
Nansu,breast cancer,be0002379,"phosphatidylinositol 4,5-bisphosphate 3-kinase catalytic subunit alpha isoform",DB00997,Doxorubicin,recruiting,
Nansu,breast cancer,be0002379,"phosphatidylinositol 4,5-bisphosphate 3-kinase catalytic subunit alpha isoform",DB01006,letrozole,recruiting,
Nansu,breast cancer,be0002379,"phosphatidylinositol 4,5-bisphosphate 3-kinase catalytic subunit alpha isoform",DB01101,Capecitabine,recruiting,
Nansu,breast cancer,be0002379,"phosphatidylinositol 4,5-bisphosphate 3-kinase catalytic subunit alpha isoform",DB01128,Bicalutamide,recruiting,talk to Nansu
Nansu,breast cancer,be0002379,"phosphatidylinositol 4,5-bisphosphate 3-kinase catalytic subunit alpha isoform",DB01217,Anastrozole,,
Nansu,breast cancer,be0002379,"phosphatidylinositol 4,5-bisphosphate 3-kinase catalytic subunit alpha isoform",DB01229,Paclitaxel,,
Nansu,breast cancer,be0002379,"phosphatidylinositol 4,5-bisphosphate 3-kinase catalytic subunit alpha isoform",DB01248,Docetaxel,,
Nansu,breast cancer,be0002379,"phosphatidylinositol 4,5-bisphosphate 3-kinase catalytic subunit alpha isoform",DB05773,Trastuzumab Emtansine,,
Nansu,breast cancer,be0002379,"phosphatidylinositol 4,5-bisphosphate 3-kinase catalytic subunit alpha isoform",DB06366,Pertuzumab,,
Nansu,breast cancer,be0002379,"phosphatidylinositol 4,5-bisphosphate 3-kinase catalytic subunit alpha isoform",DB08871,Eribulin,,
Nansu,breast cancer,be0002379,"phosphatidylinositol 4,5-bisphosphate 3-kinase catalytic subunit alpha isoform",DB08899,Enzalutamide,,
Nansu,breast cancer,be0002379,"phosphatidylinositol 4,5-bisphosphate 3-kinase catalytic subunit alpha isoform",DB09073,Palbociclib,,
Nansu,breast cancer,be0002379,"phosphatidylinositol 4,5-bisphosphate 3-kinase catalytic subunit alpha isoform",DB11595,Atezolizumab,,
Nansu,breast cancer,be0002379,"phosphatidylinositol 4,5-bisphosphate 3-kinase catalytic subunit alpha isoform",DB11730,Ribociclib,,
Nansu,breast cancer,be0002379,"phosphatidylinositol 4,5-bisphosphate 3-kinase catalytic subunit alpha isoform",DB11743,Ipatasertib,,
Nansu,breast cancer,be0002379,"phosphatidylinositol 4,5-bisphosphate 3-kinase catalytic subunit alpha isoform",DB11815,Tilarginine,,
Nansu,breast cancer,be0002379,"phosphatidylinositol 4,5-bisphosphate 3-kinase catalytic subunit alpha isoform",DB11945,Avelumab,,
Nansu,breast cancer,be0002379,"phosphatidylinositol 4,5-bisphosphate 3-kinase catalytic subunit alpha isoform",DB12001,Abemaciclib,,
Nansu,breast cancer,be0002379,"phosphatidylinositol 4,5-bisphosphate 3-kinase catalytic subunit alpha isoform",DB12015,alpelisib,,
Nansu,breast cancer,be0002379,"phosphatidylinositol 4,5-bisphosphate 3-kinase catalytic subunit alpha isoform",DB12108,Taselisib,,
Nansu,breast cancer,be0002379,"phosphatidylinositol 4,5-bisphosphate 3-kinase catalytic subunit alpha isoform",DB12218,Capivasertib,,
Nansu,breast cancer,be0002379,"phosphatidylinositol 4,5-bisphosphate 3-kinase catalytic subunit alpha isoform",DB12483,Copanlisib,,
Nansu,breast cancer,be0002379,"phosphatidylinositol 4,5-bisphosphate 3-kinase catalytic subunit alpha isoform",DB12499,Clascoterone,,
Nansu,breast cancer,be0002379,"phosphatidylinositol 4,5-bisphosphate 3-kinase catalytic subunit alpha isoform",DB15275,GDC-0077,,
Nansu,breast cancer,be0002412,dna repair protein rad51 homolog 1 ,DB00014,Goserelin,,
Nansu,breast cancer,be0002412,dna repair protein rad51 homolog 1 ,DB00445,epirubicin,,
Nansu,breast cancer,be0002412,dna repair protein rad51 homolog 1 ,DB00531,cyclophosphamide,,
Nansu,breast cancer,be0002412,dna repair protein rad51 homolog 1 ,DB00539,Toremifene,,
Nansu,breast cancer,be0002412,dna repair protein rad51 homolog 1 ,DB00675,Tamoxifen,,
Nansu,breast cancer,be0002412,dna repair protein rad51 homolog 1 ,DB00947,Fulvestrant,,
Nansu,breast cancer,be0002412,dna repair protein rad51 homolog 1 ,DB00958,carboplatin,,
Nansu,breast cancer,be0002412,dna repair protein rad51 homolog 1 ,DB00990,Exemestane,,
Nansu,breast cancer,be0002412,dna repair protein rad51 homolog 1 ,DB01006,Letrozole,,
Nansu,breast cancer,be0002412,dna repair protein rad51 homolog 1 ,DB01101,capecitabine,,
Nansu,breast cancer,be0002412,dna repair protein rad51 homolog 1 ,DB01217,Anastrozole,,
Nansu,breast cancer,be0002412,dna repair protein rad51 homolog 1 ,DB01229,paclitaxel,,
Nansu,breast cancer,be0002412,dna repair protein rad51 homolog 1 ,DB08905,Formestane,,
Nansu,breast cancer,be0002412,dna repair protein rad51 homolog 1 ,DB09074,Lynparza,,
Nansu,breast cancer,be0002412,dna repair protein rad51 homolog 1 ,DB09074,Olaparib,,
Nansu,breast cancer,be0002412,dna repair protein rad51 homolog 1 ,DB11760,Talazoparib Tosylate,,
Nansu,breast cancer,be0002412,dna repair protein rad51 homolog 1 ,DB11760,Talazoparib,,
Nansu,breast cancer,be0002412,dna repair protein rad51 homolog 1 ,DB12332,Rucaparib,,
Nansu,breast cancer,be0002412,dna repair protein rad51 homolog 1 ,DB12893,Sacituzumab govitecan,,
Nansu,breast cancer,be0003380,cellular tumor antigen p53 ,DB00445,epirubicin,,
Nansu,breast cancer,be0003380,cellular tumor antigen p53 ,DB00531,Cyclophosphamide,,
Nansu,breast cancer,be0003380,cellular tumor antigen p53 ,DB00958,carboplatin,,
Nansu,breast cancer,be0003380,cellular tumor antigen p53 ,DB01101,capecitabine,,
Nansu,breast cancer,be0003380,cellular tumor antigen p53 ,DB01229,Paclitaxel,,
Nansu,breast cancer,be0003381,serine/threonine-protein kinase chk2,DB00445,epirubicin,,
Nansu,breast cancer,be0003381,serine/threonine-protein kinase chk2,DB00531,cyclophosphamide,,
Nansu,breast cancer,be0003381,serine/threonine-protein kinase chk2,DB00958,Carboplatin,,
Nansu,breast cancer,be0003381,serine/threonine-protein kinase chk2,DB01101,capecitabine,,
Nansu,breast cancer,be0003381,serine/threonine-protein kinase chk2,DB01229,paclitaxel,,
Nansu,breast cancer,be0003381,serine/threonine-protein kinase chk2,DB09074,Olaparib,,
Nansu,breast cancer,be0003381,serine/threonine-protein kinase chk2,DB11760,Talazoparib Tosylate,,
Nansu,colorectal cancer,be0000634,serine/threonine-protein kinase b-raf ,DB00002,Cetuximab,,
Nansu,colorectal cancer,be0000634,serine/threonine-protein kinase b-raf ,DB00432,Trifluridine,,
Nansu,colorectal cancer,be0000634,serine/threonine-protein kinase b-raf ,DB01269,Panitumumab,,
Nansu,colorectal cancer,be0000634,serine/threonine-protein kinase b-raf ,DB08896,Regorafenib,,
Nansu,colorectal cancer,be0000634,serine/threonine-protein kinase b-raf ,DB08911,Trametinib,,
Nansu,colorectal cancer,be0000634,serine/threonine-protein kinase b-raf ,DB08912,Dabrafenib,,
Nansu,colorectal cancer,be0000634,serine/threonine-protein kinase b-raf ,DB09035,Nivolumab,,
Nansu,colorectal cancer,be0000634,serine/threonine-protein kinase b-raf ,DB09343,Tipiracil,,
Nansu,colorectal cancer,be0000634,serine/threonine-protein kinase b-raf ,DB11714,Durvalumab,,
Nansu,colorectal cancer,be0000634,serine/threonine-protein kinase b-raf ,DB11718,Encorafenib,,
Nansu,colorectal cancer,be0000634,serine/threonine-protein kinase b-raf ,DB11967,Binimetinib,,
Nansu,colorectal cancer,be0000634,serine/threonine-protein kinase b-raf ,DB13930,Ulixertinib,,
Nansu,colorectal cancer,be0000634,serine/threonine-protein kinase b-raf ,DB14892,Spartalizumab,,
Nansu,colorectal cancer,be0000647,"phosphatidylinositol 4,5-bisphosphate 3-kinase catalytic subunit alpha isoform ",DB00432,Trifluridine,,
Nansu,colorectal cancer,be0000647,"phosphatidylinositol 4,5-bisphosphate 3-kinase catalytic subunit alpha isoform ",DB00945,Acetylsalicylic acid,,
Nansu,colorectal cancer,be0000647,"phosphatidylinositol 4,5-bisphosphate 3-kinase catalytic subunit alpha isoform ",DB01101,Capecitabine,,
Nansu,colorectal cancer,be0000647,"phosphatidylinositol 4,5-bisphosphate 3-kinase catalytic subunit alpha isoform ",DB01269,Panitumumab,,
Nansu,colorectal cancer,be0000647,"phosphatidylinositol 4,5-bisphosphate 3-kinase catalytic subunit alpha isoform ",DB08896,Regorafenib,,
Nansu,colorectal cancer,be0000647,"phosphatidylinositol 4,5-bisphosphate 3-kinase catalytic subunit alpha isoform ",DB09343,Tipiracil,,
Nansu,colorectal cancer,be0000647,"phosphatidylinositol 4,5-bisphosphate 3-kinase catalytic subunit alpha isoform ",DB12108,Taselisib,,
Nansu,colorectal cancer,be0000647,"phosphatidylinositol 4,5-bisphosphate 3-kinase catalytic subunit alpha isoform ",DB12483,Copanlisib,,
Nansu,colorectal cancer,be0000647,"phosphatidylinositol 4,5-bisphosphate 3-kinase catalytic subunit alpha isoform ",DB15232,Telaglenastat,,
Nansu,colorectal cancer,be0000656,catenin beta-1 ,DB00331,Metformin,,
Nansu,colorectal cancer,be0000656,catenin beta-1 ,DB00945,Acetylsalicylic acid,,
Nansu,colorectal cancer,be0001027,g1/s-specific cyclin-d1,DB09073,Palbociclib,,
Nansu,colorectal cancer,be0000985,catenin beta-1 ,DB00331,Metformin,,
Nansu,colorectal cancer,be0000985,catenin beta-1 ,DB00945,Acetylsalicylic acid,,
Nansu,colorectal cancer,be0001027,g1/s-specific cyclin-d1 ,DB00762,Irinotecan,,
Nansu,colorectal cancer,be0001027,g1/s-specific cyclin-d1 ,DB08896,Regorafenib,,
Nansu,colorectal cancer,be0002133,fibroblast growth factor receptor 3 ,DB15102,Pemigatinib,,
Nansu,colorectal cancer,be0002379,"phosphatidylinositol 4,5-bisphosphate 3-kinase catalytic subunit alpha isoform ",DB00002,Cetuximab,,
Nansu,colorectal cancer,be0002379,"phosphatidylinositol 4,5-bisphosphate 3-kinase catalytic subunit alpha isoform ",DB00072,Trastuzumab,,
Nansu,colorectal cancer,be0002379,"phosphatidylinositol 4,5-bisphosphate 3-kinase catalytic subunit alpha isoform ",DB00945,Acetylsalicylic acid,,
Nansu,colorectal cancer,be0002379,"phosphatidylinositol 4,5-bisphosphate 3-kinase catalytic subunit alpha isoform ",DB01101,Capecitabine,,
Nansu,colorectal cancer,be0002379,"phosphatidylinositol 4,5-bisphosphate 3-kinase catalytic subunit alpha isoform ",DB01269,Panitumumab,,
Nansu,colorectal cancer,be0002379,"phosphatidylinositol 4,5-bisphosphate 3-kinase catalytic subunit alpha isoform ",DB11828,Neratinib,,
Nansu,colorectal cancer,be0002379,"phosphatidylinositol 4,5-bisphosphate 3-kinase catalytic subunit alpha isoform ",DB12108,Taselisib,,
Nansu,colorectal cancer,be0002379,"phosphatidylinositol 4,5-bisphosphate 3-kinase catalytic subunit alpha isoform ",DB12483,Copanlisib,,
Nansu,colorectal cancer,be0002379,"phosphatidylinositol 4,5-bisphosphate 3-kinase catalytic subunit alpha isoform ",DB15232,Telaglenastat,,
Nansu,colorectal cancer,be0002379,"phosphatidylinositol 4,5-bisphosphate 3-kinase catalytic subunit alpha isoform ",DB15499,Cerdulatinib,,
Nansu,colorectal cancer,be0002851,mismatch repair endonuclease pms2 ,DB00945,Acetylsalicylic acid,,
Nansu,HIV,be0000911,c-c chemokine receptor type 5,DB00262,Carmustine,,
Nansu,HIV,be0000911,c-c chemokine receptor type 5,DB00294,Etonogestrel,,
Nansu,HIV,be0000911,c-c chemokine receptor type 5,DB00367,Levonorgestrel,,
Nansu,HIV,be0000911,c-c chemokine receptor type 5,DB00396,Progesterone,,
Nansu,HIV,be0000911,c-c chemokine receptor type 5,DB00531,Cyclophosphamide,,
Nansu,HIV,be0000911,c-c chemokine receptor type 5,DB00603,Medroxyprogesterone acetate,,
Nansu,HIV,be0000911,c-c chemokine receptor type 5,DB00773,Etoposide,,
Nansu,HIV,be0000911,c-c chemokine receptor type 5,DB00783,Estrogen,,
Nansu,HIV,be0000911,c-c chemokine receptor type 5,DB00987,Cytarabine,,
Nansu,HIV,be0000911,c-c chemokine receptor type 5,DB01042,Melphalan,,
Nansu,HIV,be0000911,c-c chemokine receptor type 5,DB01073,Fludarabine,,
Nansu,HIV,be0000911,c-c chemokine receptor type 5,DB04572,Thiotepa,,
Nansu,HIV,be0000911,c-c chemokine receptor type 5,DB04835,Maraviroc,,
Nansu,lung cancer,be0000634,serine/threonine-protein kinase b-raf ,DB00002,Cetuximab,,
Nansu,lung cancer,be0000634,serine/threonine-protein kinase b-raf ,DB00126,Vitamin C,,
Nansu,lung cancer,be0000634,serine/threonine-protein kinase b-raf ,DB00683,Midazolam,,
Nansu,lung cancer,be0000634,serine/threonine-protein kinase b-raf ,DB01229,paclitaxel,,
Nansu,lung cancer,be0000634,serine/threonine-protein kinase b-raf ,DB01248,Docetaxel,,
Nansu,lung cancer,be0000634,serine/threonine-protein kinase b-raf ,DB05239,Cobimetinib,,
Nansu,lung cancer,be0000634,serine/threonine-protein kinase b-raf ,DB05773,Trastuzumab emtansine,,
Nansu,lung cancer,be0000634,serine/threonine-protein kinase b-raf ,DB08881,Vemurafenib,,
Nansu,lung cancer,be0000634,serine/threonine-protein kinase b-raf ,DB08911,Trametinib,,
Nansu,lung cancer,be0000634,serine/threonine-protein kinase b-raf ,DB08912,Dabrafenib,,
Nansu,lung cancer,be0000634,serine/threonine-protein kinase b-raf ,DB08912,Dabrafenib Mesylate,,
Nansu,lung cancer,be0000634,serine/threonine-protein kinase b-raf ,DB09037,Pembrolizumab,,
Nansu,lung cancer,be0000634,serine/threonine-protein kinase b-raf ,DB09330,Osimertinib,,
Nansu,lung cancer,be0000634,serine/threonine-protein kinase b-raf ,DB11363,Alectinib,,
Nansu,lung cancer,be0000634,serine/threonine-protein kinase b-raf ,DB11595,Atezolizumab,,
Nansu,lung cancer,be0000634,serine/threonine-protein kinase b-raf ,DB11718,Encorafenib ,,
Nansu,lung cancer,be0000634,serine/threonine-protein kinase b-raf ,DB11718,Encorafenib,,
Nansu,lung cancer,be0000634,serine/threonine-protein kinase b-raf ,DB11730,Ribociclib,,
Nansu,lung cancer,be0000634,serine/threonine-protein kinase b-raf ,DB11967,Binimetinib ,,
Nansu,lung cancer,be0000634,serine/threonine-protein kinase b-raf ,DB11986,Entrectinib,,
Nansu,lung cancer,be0000634,serine/threonine-protein kinase b-raf ,DB12001,Abemaciclib,,
Nansu,lung cancer,be0000634,serine/threonine-protein kinase b-raf ,DB14797,Recombinant EphB4-HSA Fusion Protein,,
Nansu,lung cancer,be0000634,serine/threonine-protein kinase b-raf ,DB15627,Dostarlimab,,
Nansu,lung cancer,be0000634,serine/threonine-protein kinase b-raf ,DB15822,Pralsetinib,,
Nansu,lung cancer,be0000767,epidermal growth factor receptor ,DB00002,Cetuximab,,
Nansu,lung cancer,be0000767,epidermal growth factor receptor ,DB00112,Bevacizumab,,
Nansu,lung cancer,be0000767,epidermal growth factor receptor ,DB00317,Gefitinib,,
Nansu,lung cancer,be0000767,epidermal growth factor receptor ,DB00317,Gefitinib ,,
Nansu,lung cancer,be0000767,epidermal growth factor receptor ,DB00361,Vinorelbine,,
Nansu,lung cancer,be0000767,epidermal growth factor receptor ,DB00441,Gemcitabine,,
Nansu,lung cancer,be0000767,epidermal growth factor receptor ,DB00515,Cisplatin,,
Nansu,lung cancer,be0000767,epidermal growth factor receptor ,DB00530,Erlotinib,,
Nansu,lung cancer,be0000767,epidermal growth factor receptor ,DB00531,Cyclophosphamide,,
Nansu,lung cancer,be0000767,epidermal growth factor receptor ,DB00642,Pemetrexed ,,
Nansu,lung cancer,be0000767,epidermal growth factor receptor ,DB00642,Pemetrexed,,
Nansu,lung cancer,be0000767,epidermal growth factor receptor ,DB00773,Etoposide,,
Nansu,lung cancer,be0000767,epidermal growth factor receptor ,DB00947,Fulvestrant,,
Nansu,lung cancer,be0000767,epidermal growth factor receptor ,DB00958,Carboplatin,,
Nansu,lung cancer,be0000767,epidermal growth factor receptor ,DB00958,Carboplatin ,,
Nansu,lung cancer,be0000767,epidermal growth factor receptor ,DB01229,Paclitaxel,,
Nansu,lung cancer,be0000767,epidermal growth factor receptor ,DB01248,Docetaxel,,
Nansu,lung cancer,be0000767,epidermal growth factor receptor ,DB05220,Alisertib,,
Nansu,lung cancer,be0000767,epidermal growth factor receptor ,DB05239,Cobimetinib,,
Nansu,lung cancer,be0000767,epidermal growth factor receptor ,DB05578,Ramucirumab,,
Nansu,lung cancer,be0000767,epidermal growth factor receptor ,DB05773,Trastuzumab emtansine,,
Nansu,lung cancer,be0000767,epidermal growth factor receptor ,DB06186,Ipilimumab,,
Nansu,lung cancer,be0000767,epidermal growth factor receptor ,DB06192,nimotuzumab,,
Nansu,lung cancer,be0000767,epidermal growth factor receptor ,DB08875,Cabozantinib,,
Nansu,lung cancer,be0000767,epidermal growth factor receptor ,DB08911,Trametinib,,
Nansu,lung cancer,be0000767,epidermal growth factor receptor ,DB08916,Afatinib,,
Nansu,lung cancer,be0000767,epidermal growth factor receptor ,DB09035,Nivolumab,,
Nansu,lung cancer,be0000767,epidermal growth factor receptor ,DB09037,Pembrolizumab,,
Nansu,lung cancer,be0000767,epidermal growth factor receptor ,DB09063,Ceritinib,,
Nansu,lung cancer,be0000767,epidermal growth factor receptor ,DB09074,Olaparib,,
Nansu,lung cancer,be0000767,epidermal growth factor receptor ,DB09330,Osimertinib,,
Nansu,lung cancer,be0000767,epidermal growth factor receptor ,DB09559,Necitumumab,,
Nansu,lung cancer,be0000767,epidermal growth factor receptor ,DB11363,Alectinib,,
Nansu,lung cancer,be0000767,epidermal growth factor receptor ,DB11595,Atezolizumab,,
Nansu,lung cancer,be0000767,epidermal growth factor receptor ,DB11679,Fruquintinib,,
Nansu,lung cancer,be0000767,epidermal growth factor receptor ,DB11689,Selumetinib,,
Nansu,lung cancer,be0000767,epidermal growth factor receptor ,DB11714,Durvalumab,,
Nansu,lung cancer,be0000767,epidermal growth factor receptor ,DB11730,ribociclib,,
Nansu,lung cancer,be0000767,epidermal growth factor receptor ,DB11737,Icotinib,,
Nansu,lung cancer,be0000767,epidermal growth factor receptor ,DB11771,Tremelimumab,,
Nansu,lung cancer,be0000767,epidermal growth factor receptor ,DB11791,capmatinib,,
Nansu,lung cancer,be0000767,epidermal growth factor receptor ,DB11793,Niraparib,,
Nansu,lung cancer,be0000767,epidermal growth factor receptor ,DB11828,Neratinib,,
Nansu,lung cancer,be0000767,epidermal growth factor receptor ,DB11836,Sapanisertib,,
Nansu,lung cancer,be0000767,epidermal growth factor receptor ,DB11885,Anlotinib ,,
Nansu,lung cancer,be0000767,epidermal growth factor receptor ,DB11885,Anlotinib,,
Nansu,lung cancer,be0000767,epidermal growth factor receptor ,DB11963,Dacomitinib,,
Nansu,lung cancer,be0000767,epidermal growth factor receptor ,DB12001,Abemaciclib,,
Nansu,lung cancer,be0000767,epidermal growth factor receptor ,DB12048,Savolitinib,,
Nansu,lung cancer,be0000767,epidermal growth factor receptor ,DB12114,Poziotinib,,
Nansu,lung cancer,be0000767,epidermal growth factor receptor ,DB12257,Platinum,,
Nansu,lung cancer,be0000767,epidermal growth factor receptor ,DB14765,Rivoceranib,,
Nansu,lung cancer,be0000767,epidermal growth factor receptor ,DB14795,AZD-3759,,
Nansu,lung cancer,be0000767,epidermal growth factor receptor ,DB14892,Spartalizumab,,
Nansu,lung cancer,be0000767,epidermal growth factor receptor ,DB14962,Trastuzumab deruxtecan,,
Nansu,lung cancer,be0000767,epidermal growth factor receptor ,DB15043,TORIPALIMAB ,,
Nansu,lung cancer,be0000767,epidermal growth factor receptor ,DB15043,Toripalimab,,
Nansu,lung cancer,be0000767,epidermal growth factor receptor ,DB15133,Tepotinib,,
Nansu,lung cancer,be0000767,epidermal growth factor receptor ,DB15627,Dostarlimab,,
Nansu,lung cancer,be0000767,epidermal growth factor receptor ,DB15630,Glumetinib,,
Nansu,lung cancer,be0000767,epidermal growth factor receptor ,DB15685,Selpercatinib,,
Nansu,lung cancer,be0000767,epidermal growth factor receptor ,DB15765,Sintilimab,,
Nansu,lung cancer,be0000767,epidermal growth factor receptor ,DB16091,EMB-01,,
Nansu,lung cancer,be0000767,epidermal growth factor receptor ,DB16216,Lazertinib,,
Nansu,lung cancer,be0000767,epidermal growth factor receptor ,DB16250,Nazartinib,,
Nansu,lung cancer,be0000767,epidermal growth factor receptor ,DB16390,Mobocertinib,,
Nansu,lung cancer,be0000767,epidermal growth factor receptor ,DB16409,Tiragolumab,,
Nansu,lung cancer,be0000767,epidermal growth factor receptor ,DB16417,Geptanolimab,,
Nansu,lung cancer,be0003380,cellular tumor antigen p53 ,DB00441,Gemcitabine,,
Nansu,lung cancer,be0003380,cellular tumor antigen p53 ,DB01229,Paclitaxel,,
Nansu,Thyroid Carcinoma,be0001076,gtpase hras,DB04960,Tipifarnib,,
Ning,asthma,be0000693,beta-2 adrenergic receptor ,DB01001,Salbutamol,,
Ning,asthma,be0000693,beta-2 adrenergic receptor ,DB06612,Mepolizumab,,
Ning,leukemia,be0000014,tyrosine-protein kinase abl1 ,DB01254,Dasatinib,,
Ning,leukemia,be0000015," disease type BCR-ABL1, fused gene",DB00242,Cladribine,,
Ning,leukemia,be0000015," disease type BCR-ABL1, fused gene",DB00619,Imatinib,,
Ning,leukemia,be0000015," disease type BCR-ABL1, fused gene",DB04868,Nilotinib,,
Ning,leukemia,be0000015," disease type BCR-ABL1, fused gene",DB06616,Bosutinib,,
Ning,leukemia,be0000015," disease type BCR-ABL1, fused gene",DB08901,Ponatinib,,
Ning,leukemia,be0000015," disease type BCR-ABL1, fused gene",DB09052,Blinatumomab,,
Ning,leukemia,be0000015," disease type BCR-ABL1, fused gene",DB11581,Venetoclax,,
Ning,leukemia,be0000015," disease type BCR-ABL1, fused gene",DB11904,Flumatinib,,
Ning,leukemia,be0000015," disease type BCR-ABL1, fused gene",DB12597,Asciminib (ABL001),,
Ning,leukemia,be0000147,receptor-type tyrosine-protein kinase flt3 ,DB00398,Sorafenib,,
Ning,leukemia,be0000147,receptor-type tyrosine-protein kinase flt3 ,DB06595,Midostaurin,,
Ning,leukemia,be0000147,receptor-type tyrosine-protein kinase flt3 ,DB08901,Ponatinib,,
Ning,leukemia,be0000147,receptor-type tyrosine-protein kinase flt3 ,DB11581,Venetoclax,,
Ning,leukemia,be0000147,receptor-type tyrosine-protein kinase flt3 ,DB11832,Crenolanib,,
Ning,leukemia,be0000147,receptor-type tyrosine-protein kinase flt3 ,DB12141,Gilteritinib,,
Ning,leukemia,be0000147,receptor-type tyrosine-protein kinase flt3 ,DB12874,Quizartinib,,
Ning,leukemia,be0000147,receptor-type tyrosine-protein kinase flt3 ,DB15187,Dubermatinib,,
Ning,leukemia,be0000147,receptor-type tyrosine-protein kinase flt3 ,DB15257,Milademetan,,
Ning,leukemia,be0000246,apoptosis regulator bcl-2 ,DB11581,Venetoclax,,
Ning,leukemia,be0000246,apoptosis regulator bcl-2 ,DB11850,Ublituximab,,
Ning,leukemia,be0000246,apoptosis regulator bcl-2 ,DB14989,Umbralisib,,
Ning,leukemia,be0000453,mast/stem cell growth factor receptor kit,DB15233,Avapritinib,,
Victoria,diabetes_mellitus,be0000033,insulin receptor ,DB00046,Insulin lispro,,
Victoria,diabetes_mellitus,be0000033,insulin receptor ,DB00047,Insulin glargine,,
Victoria,diabetes_mellitus,be0000163,vascular endothelial growth factor a ,DB01270,Ranibizumab,,
Victoria,diabetes_mellitus,be0000163,vascular endothelial growth factor a ,DB08885,Aflibercept,,
Victoria,diabetes_mellitus,be0000221,angiotensin-converting enzyme ,DB01197,Captopril,,
Victoria,diabetes_mellitus,be0000527,glucagon receptor ,DB00040,Glucagon,,
Victoria,diabetes_mellitus,be0000528,glucagon-like peptide 1 receptor,DB06655,Liraglutide,,
Victoria,diabetes_mellitus,be0000528,glucagon-like peptide 1 receptor,DB13928,Semaglutide,,
Victoria,diabetes_mellitus,be0001056,glucokinase ,DB14810,AZD1656,,
Victoria,diabetes_mellitus,be0001056,glucokinase ,DB15123,HMS5552 Dorzagliatin ,,
Victoria,myocardial_infarction,be0000221,angiotensin-converting enzyme ,DB00178,Ramipril,,
Victoria,myocardial_infarction,be0000221,angiotensin-converting enzyme ,DB01197,Captopril,,
Yue,Bladder Cancer,be0001076,gtpase hras,DB13930,Ulixertinib,,
Yue,Bladder Cancer,be0002133,fibroblast growth factor receptor 3 ,DB11886,Infigratinib,,
Yue,hemolytic anemia,be0001089,glucose-6-phosphate 1-dehydrogenase ,DB00608,Chloroquine,,
Yue,hemolytic anemia,be0001089,glucose-6-phosphate 1-dehydrogenase ,DB01087,Primaquine,,
Yue,thrombophilia,be0000041,coagulation factor v,DB01225,Enoxaparin,,
Yue,thrombophilia,be0000041,coagulation factor v,DB06779,Dalteparin,,
Yue,thrombophilia,be0000041,coagulation factor v,DB06822,Tinzaparin,,
Yue,thrombophilia,be0000041,coagulation factor v,DB08813,Nadroparin,,
Yue,thrombophilia,be0000041,coagulation factor v,DB09258,Bemiparin,,
Yue,thrombophilia,be0000041,coagulation factor v,DB09259,Reviparin,,
Yue,thrombophilia,be0000041,coagulation factor v,DB09260,Parnaparin,,
Yue,thrombophilia,be0000041,coagulation factor v,DB09261,Certoparin,,
Victoria,Renal cell carcinoma,be0000176,"succinate dehydrogenase [ubiquinone] flavoprotein subunit, mitochondrial ",DB11760,Talazoparib,,
Victoria,Renal cell carcinoma,be0000176,"succinate dehydrogenase [ubiquinone] flavoprotein subunit, mitochondrial ",DB11945,Avelumab,,
Victoria,Renal cell carcinoma,be0000176,"succinate dehydrogenase [ubiquinone] flavoprotein subunit, mitochondrial ",DB09035,nivolumab,,
Victoria,Renal cell carcinoma,be0000176,"succinate dehydrogenase [ubiquinone] flavoprotein subunit, mitochondrial ",DB08875,cabozantinib,,
Victoria,diabetes_mellitus,be0000221,angiotensin-converting enzyme ,DB09045,Dulaglutide,,
Victoria,diabetes_mellitus,be0000527,glucagon receptor ,DB00030,Insulin,,
Victoria,diabetes_mellitus,be0000221,angiotensin-converting enzyme ,DB00177,Valsartan,,
Victoria,diabetes_mellitus,be0000221,angiotensin-converting enzyme ,DB00178,Tritace (Ramipril),,
Victoria,diabetes_mellitus,be0000527,glucagon receptor ,DB00331,Metformin,,
Victoria,diabetes_mellitus,be0000163,vascular endothelial growth factor a ,DB00331,Metformin,,
Victoria,pancreatic,be0003380,cellular tumor antigen p53 ,DB00441,Gemcitabine,,
Victoria,diabetes_mellitus,be0000163,vascular endothelial growth factor a ,DB00465,Ketorolac,,
Victoria,diabetes_mellitus,be0000163,vascular endothelial growth factor a ,DB00620,Triamcinolone Acetonide,,
Victoria,myocardial_infarction,be0000333,coagulation factor vii ,DB00682,Warfarin,,
Victoria,diabetes_mellitus,be0000215,peroxisome proliferator-activated receptor gamma ,DB00966,Telmisartan,,
Victoria,diabetes_mellitus,be0000207,atp-binding cassette sub-family c member 8 ,DB01016,glibenclamide,,
Victoria,pancreatic,be0003380,cellular tumor antigen p53 ,DB01229,nab-paclitaxel,,
Victoria,diabetes_mellitus,be0000163,vascular endothelial growth factor a ,DB01234,Dexamethasone,,
Victoria,diabetes_mellitus,be0000527,glucagon receptor ,DB01261,Sitagliptin,,
Victoria,diabetes_mellitus,be0000221,angiotensin-converting enzyme ,DB01261,Sitagliptin,,
Victoria,diabetes_mellitus,be0000527,glucagon receptor ,DB01276,exenatide,,
Victoria,diabetes_mellitus,be0000527,glucagon receptor ,DB01276,bydureon,,
Victoria,myocardial_infarction,be0000333,coagulation factor vii ,DB06228,Rivaroxaban,,
Victoria,diabetes_mellitus,be0000527,glucagon receptor ,DB06292,Dapagliflozin,,
Victoria,diabetes_mellitus,be0000527,glucagon receptor ,DB06655,Liraglutide,,
Victoria,diabetes_mellitus,be0000527,glucagon receptor ,DB06655,Victoza,,
Victoria,mitochondrial_complex_deficiency,be0000493,"nadh-ubiquinone oxidoreductase 75 kda subunit, mitochondrial ",DB08809,Dichloroacetate (DCA),,
Victoria,diabetes_mellitus,be0000527,glucagon receptor ,DB09038,Empagliflozin,,
Victoria,diabetes_mellitus,be0000527,glucagon receptor ,DB09045,Dulaglutide,,
Victoria,diabetes_mellitus,be0000527,glucagon receptor ,DB09265,Lixisenatide,,
Victoria,diabetes_mellitus,be0000221,angiotensin-converting enzyme ,DB09292,Sacubitril,,
Victoria,cervical,be0002133,fibroblast growth factor receptor 3 ,DB12147,Erdafitinib,,
Victoria,myocardial_infarction,be0000221,angiotensin-converting enzyme ,DB13107,Firibastat,,
Victoria,diabetes_mellitus,be0000163,vascular endothelial growth factor a ,DB13928,Semaglutide,,
Victoria,diabetes_mellitus,be0000033,insulin receptor ,DB13928,Semaglutide,,
Victoria,diabetes_mellitus,be0000527,glucagon receptor ,DB13928,Semaglutide,,
Victoria,diabetes_mellitus,be0001056,glucokinase ,DB15123,HMS5552,,
Victoria,diabetes_mellitus,be0001056,glucokinase ,DB15123,Dorzagliatin,,
Victoria,diabetes_mellitus,be0000221,angiotensin-converting enzyme ,DB16255,LMB763,,
Victoria,diabetes_mellitus,be0000527,glucagon receptor ,DB16421,REMD-477,,
